,Epoch,Mean_Reward
0,1,-36813463.82333333
1,2,-425906132.25
2,3,-8885467.256666666
3,4,-8998636.393333333
4,5,-649757680.11
